Publisher,0.0,1.0,Total,Problematic_Percentage
Zaslavsky Publishing House,5,0,5,100.0
ABV-press Publishing House,10,0,10,100.0
Wydawnictwo Uniwersytetu Slaskiego,5,0,5,100.0
AME Publishing Company,39,0,39,100.0
World Scientific and Engineering Academy and Society,13,0,13,100.0
University of Minnesota Press,7,0,7,100.0
University of Nebraska Press,7,0,7,100.0
University of Malaya,5,0,5,100.0
Universitat Jaume I,5,0,5,100.0
Universidad Carlos III de Madrid,5,0,5,100.0
UCOPress. Editorial Universidad de Cordoba,6,0,6,100.0
Universidad de Valladolid,8,0,8,100.0
Casa Editrice Leo S. Olschki,5,0,5,100.0
Brepols Publishers,27,0,27,100.0
Universidad Pedagogica y Tecnologica de Colombia,5,0,5,100.0
Universidade De Sao Paulo,6,0,6,100.0
Universidad del Rosario,6,0,6,100.0
Universidade de Brasilia,5,0,5,100.0
Universidade Federal do Rio de Janeiro - UFRJ,5,0,5,100.0
Universidade do Vale do Rio dos Sinos,6,0,6,100.0
Asian Economic and Social Society,5,0,5,100.0
Babes-Bolyai University,5,0,5,100.0
Baishideng Publishing Group,9,0,9,100.0
Klincksieck,5,0,5,100.0
Henry Stewart Publications,10,0,10,100.0
GERFLINT (Groupe d'Etudes et de Recherches pour le Francais Langue Internationale),10,0,10,100.0
International Islamic University Malaysia,5,0,5,100.0
Istanbul University,5,0,5,100.0
Lexxion Verlagsgesellschaft mbH,6,0,6,100.0
IGI Global Publishing,49,0,49,100.0
Horizon Research Publishing,7,0,7,100.0
Vita e Pensiero,7,0,7,100.0
Informing Science Institute,5,0,5,100.0
Amaltea Medical Publishing House,7,0,7,100.0
Krause und Pachernegg GmbH,5,0,5,100.0
Editions Eres,7,0,7,100.0
OAE Publishing Inc.,10,0,10,100.0
Universidad Nacional,5,0,5,100.0
Common Ground Research Networks,49,0,49,100.0
Ediciones Universidad de Salamanca,8,0,8,100.0
Eco-Vector LLC,20,0,20,100.0
SISMEL Edizioni del Galluzzo,7,0,7,100.0
Research Trends,5,0,5,100.0
Professionalnye Izdaniya,7,0,7,100.0
"Polish Academy of Sciences, Institute of Slavic Studies",5,0,5,100.0
Lifescience Global,5,0,5,100.0
LLC CPC Business Perspectives,6,0,6,100.0
FrancoAngeli,5,0,5,100.0
Multidisciplinary Digital Publishing Institute (MDPI),237,0,237,100.0
LED Edizioni Universitarie,5,0,5,100.0
Edizioni Ca' Foscari,7,0,7,100.0
Elmer Press,5,0,5,100.0
Penn State University Press,35,2,37,94.5945945945946
Lodz University Press,15,1,16,93.75
Fabrizio Serra Editore Srl,30,2,32,93.75
Pontificia Universidad Javeriana,11,1,12,91.66666666666666
Intellect Ltd.,71,7,78,91.02564102564102
Masaryk University,10,1,11,90.9090909090909
University of Warsaw,10,1,11,90.9090909090909
"University Library System, University of Pittsburgh",9,1,10,90.0
Tomsk State University,9,1,10,90.0
Universidade Federal do Parana,8,1,9,88.88888888888889
Vilnius University Press,15,2,17,88.23529411764706
Peeters Publishers,22,3,25,88.0
Universidade Estadual Paulista (UNESP),7,1,8,87.5
Universitat de Valencia,7,1,8,87.5
University of Pennsylvania Press,14,2,16,87.5
Istanbul University Press,7,1,8,87.5
Jagiellonian University Press,7,1,8,87.5
Kare Publishing,7,1,8,87.5
Nomos Verlagsgesellschaft mbH und Co,7,1,8,87.5
Universidad de Alicante,7,1,8,87.5
Universidad de Concepcion,7,1,8,87.5
Presses de Sciences Po,7,1,8,87.5
Saint Petersburg State University,14,2,16,87.5
Ural Federal University,6,1,7,85.71428571428571
Conscientia Beam,6,1,7,85.71428571428571
Universidad de Sevilla,6,1,7,85.71428571428571
Liverpool University Press,21,4,25,84.0
Societa Editrice Il Mulino,26,5,31,83.87096774193549
University of North Carolina Press,5,1,6,83.33333333333334
Universita degli Studi di Milano,5,1,6,83.33333333333334
International Bureau of Fiscal Documentation (IBFD),5,1,6,83.33333333333334
De Boeck Supérieur,10,2,12,83.33333333333334
Universidade Federal do Rio de Janeiro,5,1,6,83.33333333333334
Servicio de Publicaciones de la Universidad de Navarra,5,1,6,83.33333333333334
Michigan State University Press,5,1,6,83.33333333333334
Universidade Federal De Goias (UFG),5,1,6,83.33333333333334
Bulgarska Akademiya na Naukite,5,1,6,83.33333333333334
Universidad Complutense Madrid,33,7,40,82.5
Universitat de Barcelona,14,3,17,82.35294117647058
Universidad de Antioquia,9,2,11,81.81818181818183
University of Florida Press,4,1,5,80.0
University of Bologna,8,2,10,80.0
University of the Free State,4,1,5,80.0
Palacky University Olomouc,4,1,5,80.0
Editura Academiei Romane,4,1,5,80.0
Universidad de Murcia,4,1,5,80.0
Universidad Nacional Autonoma de Mexico,20,5,25,80.0
University of Alberta,4,1,5,80.0
Edizioni ETS,4,1,5,80.0
FrancoAngeli Edizioni,12,3,15,80.0
Incisive Media Ltd.,4,1,5,80.0
SOLEN s.r.o.,4,1,5,80.0
Universidad de Oviedo,4,1,5,80.0
Equinox Publishing Ltd,28,7,35,80.0
Chinese Medical Journals Publishing House Co.Ltd,50,14,64,78.125
National Research University Higher School of Economics,7,2,9,77.77777777777779
Duncker und Humblot GmbH,7,2,9,77.77777777777779
Open Library of Humanities,10,3,13,76.92307692307693
University of Illinois Press,13,4,17,76.47058823529412
Indiana University Press,19,6,25,76.0
Universidad Nacional de Colombia,22,7,29,75.86206896551724
University of Tehran,9,3,12,75.0
Vandenhoeck and Ruprecht GmbH and Co. KG,6,2,8,75.0
Edinburgh University Press,30,10,40,75.0
Universidad Nacional de Educacion a Distancia (UNED),9,3,12,75.0
Amsterdam University Press,6,2,8,75.0
Presses Universitaires de France,12,4,16,75.0
Galenos Publishing House,16,6,22,72.72727272727273
Universidade Federal de Santa Catarina,5,2,7,71.42857142857143
Universidad de Chile,10,4,14,71.42857142857143
Adam Mickiewicz University,5,2,7,71.42857142857143
Tarbiat Modares University,5,2,7,71.42857142857143
Wayne State University Press,5,2,7,71.42857142857143
John Libbey Eurotext,5,2,7,71.42857142857143
Karolinum - Nakladatelstvi Univerzity Karlovy,5,2,7,71.42857142857143
Il Mulino publishing house,9,4,13,69.23076923076923
Publishing House of the Romanian Academy,11,5,16,68.75
Tehran University of Medical Sciences,15,7,22,68.18181818181817
Universiti Sains Malaysia,4,2,6,66.66666666666666
Berghahn Journals,16,8,24,66.66666666666666
Universidad de Murcia Servicio de Publicaciones,4,2,6,66.66666666666666
Universidad de Costa Rica,4,2,6,66.66666666666666
South African Medical Association,4,2,6,66.66666666666666
Hacettepe University,4,2,6,66.66666666666666
Academy of Sciences of the Czech Republic,6,3,9,66.66666666666666
US Geological Survey,6,3,9,66.66666666666666
Purdue University Press,4,2,6,66.66666666666666
Universidade Federal do Rio Grande do Sul,4,2,6,66.66666666666666
Editorial Ciencias Medicas,10,5,15,66.66666666666666
Permanyer Publications,4,2,6,66.66666666666666
Iran University of Medical Sciences,4,2,6,66.66666666666666
Philosophy Documentation Center,11,6,17,64.70588235294117
Kluwer Law International,9,5,14,64.28571428571429
Nicolaus Copernicus University,7,4,11,63.63636363636363
Franz Steiner Verlag GmbH,7,4,11,63.63636363636363
Russian Academy of Sciences,12,7,19,63.1578947368421
Universidad de Granada,5,3,8,62.5
Penerbit Universiti Sains Malaysia,5,3,8,62.5
Media Sphera Publishing Group,13,8,21,61.904761904761905
Jaypee Brothers Medical Publishers (P) Ltd,8,5,13,61.53846153846154
Johns Hopkins University Press,55,35,90,61.111111111111114
Universidade Estadual de Maringa,6,4,10,60.0
Universidad de Malaga,3,2,5,60.0
Universitat Autonoma de Barcelona,15,10,25,60.0
Agricultural Research Communication Centre,3,2,5,60.0
Central South University,3,2,5,60.0
Islamic Azad University,6,4,10,60.0
Institute of Advanced Engineering and Science,3,2,5,60.0
University of Guilan,3,2,5,60.0
Oles Honchar Dnipro National University,3,2,5,60.0
Brill Academic Publishers,132,90,222,59.45945945945946
Universidad Autonoma de Madrid,4,3,7,57.14285714285714
Pontificia Universidad Catolica de Chile,8,6,14,57.14285714285714
Universitas Negeri Semarang,4,3,7,57.14285714285714
"Universidad de los Andes, Colombia",4,3,7,57.14285714285714
Advanstar Communications Inc.,4,3,7,57.14285714285714
Firenze University Press,12,9,21,57.14285714285714
Edward Elgar Publishing Ltd.,5,4,9,55.55555555555556
Czech Academy of Sciences,5,4,9,55.55555555555556
Slovak Academy of Sciences,5,4,9,55.55555555555556
RUDN University,5,4,9,55.55555555555556
Brieflands,12,10,22,54.54545454545454
Scandinavian University Press,6,5,11,54.54545454545454
University of Toronto Press,20,17,37,54.054054054054056
Universidad Politecnica de Valencia,7,6,13,53.84615384615385
University of Hawaii Press,9,9,18,50.0
Moscow State University of Psychology and Education,3,3,6,50.0
Pluto Journals,3,3,6,50.0
Kerman University of Medical Sciences,3,3,6,50.0
Universidad Austral de Chile,3,3,6,50.0
"Ediciones Doyma, S.L.",16,16,32,50.0
University of Ljubljana Press,3,3,6,50.0
University of Salamanca,3,3,6,50.0
Tamkang University,3,3,6,50.0
AVES,5,5,10,50.0
Berghahn Books Inc.,3,3,6,50.0
Duke University Press,26,27,53,49.056603773584904
CSIC Consejo Superior de Investigaciones Cientificas,17,18,35,48.57142857142857
Sciendo,16,17,33,48.484848484848484
Martinus Nijhoff Publishers,6,7,13,46.15384615384615
SAE International,6,7,13,46.15384615384615
Czech Medical Association J.E. Purkyne,9,11,20,45.0
Bentham Science Publishers,55,68,123,44.71544715447154
Hipatia Editorial,4,5,9,44.44444444444444
Universiti Putra Malaysia,4,5,9,44.44444444444444
Izdatel'stvo Nauka,4,5,9,44.44444444444444
Inderscience,27,34,61,44.26229508196721
Page Press Publications,10,13,23,43.47826086956522
Akademiai Kiado,16,21,37,43.24324324324324
National Academy of Sciences of Ukraine,3,4,7,42.857142857142854
University of Belgrade,3,4,7,42.857142857142854
Tabriz University of Medical Sciences,3,4,7,42.857142857142854
KMK Scientific Press Ltd.,3,4,7,42.857142857142854
Mattioli 1885,3,4,7,42.857142857142854
University of Wisconsin Press,3,4,7,42.857142857142854
Edizioni Minerva Medica S.p.A.,10,14,24,41.66666666666667
Universidade de Sao Paulo. Museu de Zoologia,2,3,5,40.0
European Publishing,2,3,5,40.0
National Taiwan Normal University,2,3,5,40.0
Meditsina Publishers,2,3,5,40.0
University of Ljubljana,2,3,5,40.0
IOS Press BV,2,3,5,40.0
Hamadan University of Medical Sciences,2,3,5,40.0
International Union of Crystallography,2,3,5,40.0
Bristol University Press,2,3,5,40.0
Il Pensiero Scientifico Editore s.r.l.,2,3,5,40.0
Addleton Academic Publishers,2,3,5,40.0
Polska Akademia Nauk,8,12,20,40.0
Chinese Mechanical Engineering Society,2,3,5,40.0
Royal Irish Academy,2,3,5,40.0
Maney Publishing,30,46,76,39.473684210526315
University of Sao Paolo,3,5,8,37.5
Inderscience Enterprises Ltd,63,106,169,37.278106508875744
University of California Press,11,20,31,35.483870967741936
Wolters Kluwer Health,11,21,32,34.375
American Association of Neurological Surgeons,2,4,6,33.33333333333333
Informa UK Limited,2,4,6,33.33333333333333
AOSIS (Pty) Ltd,10,20,30,33.33333333333333
Zhejiang University,3,6,9,33.33333333333333
Cognizant Communication Corporation,2,4,6,33.33333333333333
International Information and Engineering Technology Association,4,8,12,33.33333333333333
Portfolio Management Research,3,6,9,33.33333333333333
M.E. Sharpe Inc.,4,8,12,33.33333333333333
Estonian Academy Publishers,2,4,6,33.33333333333333
National Institute of Science Communication and Policy Research,2,4,6,33.33333333333333
Museum National d'Histoire Naturelle,2,4,6,33.33333333333333
MA Healthcare Ltd,4,8,12,33.33333333333333
Mashhad University of Medical Sciences,4,8,12,33.33333333333333
Via Medica,6,12,18,33.33333333333333
Wolters Kluwer Medknow Publications,45,96,141,31.914893617021278
University of Chicago Press,22,49,71,30.985915492957744
Mathematical Sciences Publishers,4,10,14,28.57142857142857
National Institute of Science Communication and Information Resources (NISCAIR),2,5,7,28.57142857142857
Policy Press,2,5,7,28.57142857142857
University of Zagreb,2,5,7,28.57142857142857
Teheran University of Medical Sciences,2,5,7,28.57142857142857
Ubiquity Press,8,20,28,28.57142857142857
AIMS Press,2,5,7,28.57142857142857
Current Medicine Group,2,5,7,28.57142857142857
Shiraz University of Medical Sciences,2,5,7,28.57142857142857
F1000 Research Ltd,2,5,7,28.57142857142857
Now Publishers Inc,7,21,28,25.0
Portland Press Ltd,2,6,8,25.0
John Libbey,2,6,8,25.0
"ZRC SAZU, Zalozba ZRC",2,6,8,25.0
Lavoisier,2,6,8,25.0
PsychOpen,2,6,8,25.0
Georg Thieme Verlag,18,56,74,24.324324324324326
EDP Sciences,9,29,38,23.684210526315788
John Benjamins Publishing Company,15,51,66,22.727272727272727
Scientific Scholar LLC,2,7,9,22.22222222222222
Old City Publishing,2,7,9,22.22222222222222
Pacini Editore Srl,2,7,9,22.22222222222222
Allen Press Inc.,2,7,9,22.22222222222222
Science China Press,5,18,23,21.73913043478261
Vilnius Gediminas Technical University,3,11,14,21.428571428571427
Urban und Vogel,1,4,5,20.0
Nanjing University of Aeronautics an Astronautics,1,4,5,20.0
Akademiai Kiado ZRt.,2,8,10,20.0
Gadjah Mada University,1,4,5,20.0
Tsinghua University,1,4,5,20.0
Global Science Press,1,4,5,20.0
European Respiratory Society,1,4,5,20.0
Association for Information Systems,1,4,5,20.0
"International Press, Inc.",1,4,5,20.0
Dustri-Verlag Dr. Karl Feistle,1,4,5,20.0
Sage Publications India Pvt. Ltd,6,27,33,18.181818181818183
ICE Publishing,6,29,35,17.142857142857142
D. Steinkopff-Verlag,1,5,6,16.666666666666664
Sage Publications,2,10,12,16.666666666666664
Churchill Livingstone,5,25,30,16.666666666666664
Higher Education Press Limited Company,3,16,19,15.789473684210526
World Scientific,12,65,77,15.584415584415584
Human Kinetics Publishers Inc.,4,22,26,15.384615384615385
Termedia Publishing House Ltd.,4,22,26,15.384615384615385
Tsinghua University Press,3,17,20,15.0
Kauno Technologijos Universitetas,1,6,7,14.285714285714285
Spandidos Publications,1,6,7,14.285714285714285
Stockholm University Press,1,6,7,14.285714285714285
Wichtig Publishing Srl,1,6,7,14.285714285714285
The Institute of Electrical Engineers of Japan,1,6,7,14.285714285714285
Mary Ann Liebert Inc.,13,80,93,13.978494623655912
Pensoft Publishers,4,25,29,13.793103448275861
JMIR Publications Inc.,3,19,22,13.636363636363635
Science Press,12,76,88,13.636363636363635
Chinese Academy of Sciences,2,13,15,13.333333333333334
Tech Science Press,2,14,16,12.5
Techno-Press,2,14,16,12.5
Begell House Inc.,4,28,32,12.5
Guilford Publications,1,7,8,12.5
Routledge,81,641,722,11.218836565096952
Lippincott Williams and Wilkins,13,103,116,11.206896551724139
Institute of Physics Publishing,1,8,9,11.11111111111111
River Publishers,1,8,9,11.11111111111111
Cambridge University Press,41,339,380,10.789473684210527
Hogrefe Publishing,2,18,20,10.0
Emerald Publishing,8,74,82,9.75609756097561
Palgrave Macmillan Ltd.,4,38,42,9.523809523809524
Oxford University Press,41,396,437,9.382151029748284
KeAi Communications Co.,9,89,98,9.183673469387756
"Thieme Medical Publishers, Inc.",2,20,22,9.090909090909092
KeAi Publishing Communications Ltd.,1,10,11,9.090909090909092
SAGE Publications Ltd,46,478,524,8.778625954198473
"Current Science, Inc.",1,11,12,8.333333333333332
Pleiades Publishing,12,132,144,8.333333333333332
World Scientific Publishing Co. Pte Ltd,3,33,36,8.333333333333332
SPIE,1,11,12,8.333333333333332
Schweizerbart Science Publishers,1,11,12,8.333333333333332
TUBITAK,1,11,12,8.333333333333332
John Wiley and Sons Inc,26,289,315,8.253968253968253
Frontiers Media SA,8,89,97,8.24742268041237
Lippincott Williams and Wilkins Ltd.,12,141,153,7.8431372549019605
Slack Incorporated,1,12,13,7.6923076923076925
Dove Medical Press Ltd.,1,13,14,7.142857142857142
The American Society of Mechanical Engineers(ASME),1,13,14,7.142857142857142
American Accounting Association,1,13,14,7.142857142857142
American Society for Microbiology,1,14,15,6.666666666666667
American Society of Mechanical Engineers (ASME),1,14,15,6.666666666666667
American Association for the Advancement of Science,1,14,15,6.666666666666667
Emerald Group Publishing Ltd.,16,228,244,6.557377049180328
John Wiley and Sons Ltd,20,339,359,5.571030640668524
S. Karger AG,5,90,95,5.263157894736842
John Wiley &amp; Sons Inc.,10,187,197,5.0761421319796955
Copernicus Publications,2,38,40,5.0
SAGE Publications Inc.,25,482,507,4.930966469428008
BMJ Publishing Group,3,58,61,4.918032786885246
IGI Publishing,1,22,23,4.3478260869565215
CSIRO Publishing,1,23,24,4.166666666666666
Wiley-Blackwell,9,260,269,3.3457249070631967
W.B. Saunders,3,104,107,2.803738317757009
Informa Healthcare,3,104,107,2.803738317757009
American Chemical Society,2,73,75,2.666666666666667
Wiley-Blackwell Publishing Ltd,11,416,427,2.576112412177986
Dove Medical Press Ltd,1,40,41,2.4390243902439024
BioMed Central Ltd,5,250,255,1.9607843137254901
IOP Publishing Ltd.,1,56,57,1.7543859649122806
American Psychological Association,1,66,67,1.4925373134328357
Elsevier Masson s.r.l.,1,123,124,0.8064516129032258
Springer Verlag,1,184,185,0.5405405405405406
Springer Science and Business Media Deutschland GmbH,1,224,225,0.4444444444444444
Springer,1,263,264,0.3787878787878788
Taylor and Francis Ltd.,5,1375,1380,0.36231884057971014
Elsevier B.V.,3,979,982,0.30549898167006106
Elsevier Inc.,1,332,333,0.3003003003003003
Elsevier Ltd,1,533,534,0.18726591760299627
Quintessence Publishing Company,0,7,7,0.0
Radiological Society of North America Inc.,0,5,5,0.0
De Gruyter Open Ltd,0,38,38,0.0
De Gruyter Open Ltd.,0,9,9,0.0
De Gruyter Mouton,0,41,41,0.0
De Gruyter Oldenbourg,0,11,11,0.0
Royal Society of Chemistry,0,48,48,0.0
Royal Society Publishing,0,5,5,0.0
National Research Council of Canada,0,13,13,0.0
Elsevier Ireland Ltd,0,49,49,0.0
Walter de Gruyter GmbH,0,264,264,0.0
MIT Press Journals,0,8,8,0.0
American Society of Civil Engineers (ASCE),0,33,33,0.0
American Phytopathological Society,0,5,5,0.0
Adis International Ltd,0,8,8,0.0
Academy of Management,0,5,5,0.0
W.B. Saunders Ltd,0,18,18,0.0
American Association for Cancer Research Inc.,0,8,8,0.0
Landes Bioscience,0,12,12,0.0
Public Library of Science,0,7,7,0.0
Kluwer Academic/Human Sciences Press Inc.,0,11,11,0.0
Kluwer Academic Publishers,0,16,16,0.0
Elsevier,0,5,5,0.0
Polish Academy of Sciences,0,6,6,0.0
Praise Worthy Prize S.r.l,0,6,6,0.0
Psychology Press Ltd,0,8,8,0.0
Penerbit Universiti Kebangsaan Malaysia,0,6,6,0.0
Optica Publishing Group (formerly OSA),0,9,9,0.0
Electromagnetics Academy,0,5,5,0.0
Nature Publishing Group,0,46,46,0.0
Emarald Group Publishing Ltd,0,6,6,0.0
European Mathematical Society Publishing House,0,18,18,0.0
Nature Research,0,30,30,0.0
Elsevier (Singapore) Pte Ltd,0,8,8,0.0
Elsevier Espana S.L.U,0,15,15,0.0
Elsevier GmbH,0,46,46,0.0
Elsevier Editora Ltda,0,6,6,0.0
Academie des sciences,0,6,6,0.0
Microbiology Society,0,6,6,0.0
Medical Journals Sweden AB,0,7,7,0.0
Springer-Verlag Wien,0,19,19,0.0
Springer-Verlag Italia s.r.l.,0,24,24,0.0
Cogent OA,0,5,5,0.0
Growing Science,0,6,6,0.0
Geological Society of London,0,6,6,0.0
Geological Society of America,0,5,5,0.0
Taylor and Francis Inc.,0,14,14,0.0
Taylor and Francis A.S.,0,5,5,0.0
SpringerOpen,0,40,40,0.0
The Royal Society,0,5,5,0.0
Springer Publishing Company,0,29,29,0.0
Springer Paris,0,7,7,0.0
Springer Science and Business Media B.V.,0,97,97,0.0
Springer Science + Business Media,0,50,50,0.0
"Springer GmbH &amp; Co, Auslieferungs-Gesellschaf",0,6,6,0.0
Springer India,0,28,28,0.0
Society for Industrial and Applied Mathematics Publications,0,17,17,0.0
Springer Berlin,0,7,7,0.0
Springer International Publishing AG,0,135,135,0.0
Springer International Publishing,0,55,55,0.0
Springer Japan,0,26,26,0.0
Springer London,0,22,22,0.0
Springer Netherlands,0,262,262,0.0
Springer New York,0,210,210,0.0
Springer Medizin,0,27,27,0.0
Springer Nature,0,153,153,0.0
Springer Singapore,0,11,11,0.0
Springer US,0,10,10,0.0
INFORMS Institute for Operations Research and the Management Sciences,0,14,14,0.0
IMR Press Limited,0,6,6,0.0
"International Press of Boston, Inc.",0,7,7,0.0
IWA Publishing,0,14,14,0.0
Czech Academy of Agricultural Sciences,0,11,11,0.0
Cold Spring Harbor Laboratory Press,0,8,8,0.0
Association for Computing Machinery,0,7,7,0.0
Association for Computing Machinery (ACM),0,55,55,0.0
Cell Press,0,32,32,0.0
Annual Reviews Inc.,0,32,32,0.0
Canadian Science Publishing,0,5,5,0.0
Birkhauser Verlag Basel,0,26,26,0.0
Budapest University of Technology and Economics,0,6,6,0.0
Canadian Medical Association,0,5,5,0.0
Birkhauser Boston,0,5,5,0.0
Blackwell Munksgaard,0,18,18,0.0
Company of Biologists Ltd,0,5,5,0.0
IEEE Computer Society,0,20,20,0.0
Wiley-VCH Verlag,0,63,63,0.0
Wiley-Liss Inc.,0,44,44,0.0
BioScientifica Ltd.,0,8,8,0.0
Informa UK Ltd,0,5,5,0.0
Inter-Research,0,8,8,0.0
Institute of Physics,0,13,13,0.0
Institute of Electrical and Electronics Engineers Inc.,0,171,171,0.0
Institute of Mathematical Statistics,0,11,11,0.0
American Institute of Mathematical Sciences,0,26,26,0.0
American Institute of Physics,0,23,23,0.0
American Economic Association,0,7,7,0.0
American Institute of Aeronautics and Astronautics Inc. (AIAA),0,7,7,0.0
American Medical Association,0,14,14,0.0
American Mathematical Society,0,17,17,0.0
American Meteorological Society,0,11,11,0.0
American Physical Society,0,15,15,0.0
Academic Press Inc.,0,104,104,0.0
American Physiological Society,0,12,12,0.0
Academic Press,0,46,46,0.0
de Gruyter,0,8,8,0.0
